household_id,age,income,home_ownership,marital_status,household_size,household_comp,kids_count
1,65+,35-49K,Homeowner,Married,2,2 Adults No Kids,0
1001,45-54,50-74K,Homeowner,Unmarried,1,1 Adult No Kids,0
1003,35-44,25-34K,,Unmarried,1,1 Adult No Kids,0
1004,25-34,15-24K,,Unmarried,1,1 Adult No Kids,0
101,45-54,Under 15K,Homeowner,Married,4,2 Adults Kids,2
1012,35-44,35-49K,,Married,5+,2 Adults Kids,3+
1014,45-54,15-24K,,Married,4,2 Adults Kids,2
1015,45-54,50-74K,Homeowner,Unmarried,1,1 Adult No Kids,0
1018,45-54,35-49K,Homeowner,Married,5+,2 Adults Kids,3+
1020,45-54,25-34K,Homeowner,Married,2,2 Adults No Kids,0
1021,35-44,50-74K,Homeowner,Married,5+,2 Adults Kids,3+
1024,25-34,Under 15K,Homeowner,Married,4,2 Adults Kids,2
1031,35-44,75-99K,Homeowner,Married,2,2 Adults No Kids,0
1038,55-64,Under 15K,Probable Renter,Unmarried,1,1 Adult No Kids,0
104,35-44,35-49K,Homeowner,Married,5+,2 Adults Kids,3+
1040,25-34,100-124K,,Unmarried,1,1 Adult No Kids,0
1041,25-34,35-49K,,Unmarried,1,1 Adult No Kids,0
1042,25-34,75-99K,Homeowner,,2,2 Adults No Kids,0
1045,25-34,Under 15K,Homeowner,Married,2,1 Adult Kids,1
105,25-34,Under 15K,Homeowner,Unmarried,3,1 Adult Kids,2
1053,55-64,100-124K,Homeowner,Married,2,2 Adults No Kids,0
1057,35-44,50-74K,,Unmarried,1,1 Adult No Kids,0
1060,35-44,35-49K,Renter,Unmarried,2,2 Adults No Kids,0
1062,65+,15-24K,Homeowner,,2,2 Adults No Kids,0
1066,35-44,25-34K,,,2,2 Adults No Kids,0
1069,25-34,35-49K,,,2,2 Adults No Kids,0
1070,35-44,50-74K,Homeowner,,2,2 Adults No Kids,0
1074,45-54,35-49K,Homeowner,Married,4,2 Adults Kids,2
1076,25-34,35-49K,Homeowner,Unmarried,2,2 Adults No Kids,0
1081,55-64,75-99K,Homeowner,Married,2,2 Adults No Kids,0
1082,45-54,35-49K,,Unmarried,1,1 Adult No Kids,0
1084,25-34,35-49K,,,3,2 Adults Kids,1
109,25-34,15-24K,Homeowner,Married,2,1 Adult Kids,1
1091,45-54,75-99K,Homeowner,Married,2,2 Adults No Kids,0
1094,45-54,75-99K,Homeowner,Married,5+,2 Adults Kids,3+
110,25-34,35-49K,Homeowner,Unmarried,1,1 Adult No Kids,0
1103,35-44,50-74K,Homeowner,Married,3,2 Adults Kids,1
1113,45-54,50-74K,Homeowner,Married,3,2 Adults Kids,1
1120,35-44,Under 15K,Renter,Unmarried,4,2 Adults Kids,2
1123,55-64,15-24K,,Married,2,1 Adult Kids,1
1128,25-34,75-99K,,,3,2 Adults Kids,1
113,35-44,125-149K,Homeowner,Married,4,2 Adults Kids,2
1130,55-64,25-34K,Renter,,3,2 Adults Kids,1
1131,45-54,50-74K,Homeowner,Unmarried,3,2 Adults Kids,1
1135,45-54,50-74K,,Unmarried,2,1 Adult Kids,1
1137,65+,35-49K,Homeowner,Unmarried,1,1 Adult No Kids,0
1138,35-44,15-24K,,,2,2 Adults No Kids,0
114,25-34,35-49K,Homeowner,,2,2 Adults No Kids,0
1142,45-54,50-74K,Homeowner,Married,2,2 Adults No Kids,0
1146,35-44,35-49K,Homeowner,Unmarried,4,1 Adult Kids,3+
1147,19-24,25-34K,,,2,2 Adults No Kids,0
1151,45-54,Under 15K,Probable Renter,Unmarried,1,1 Adult No Kids,0
1154,45-54,35-49K,Homeowner,Married,2,2 Adults No Kids,0
1158,45-54,15-24K,Homeowner,,2,2 Adults No Kids,0
1159,45-54,15-24K,Homeowner,Married,2,2 Adults No Kids,0
1160,65+,35-49K,Homeowner,Unmarried,1,1 Adult No Kids,0
1163,35-44,Under 15K,,Unmarried,1,1 Adult No Kids,0
1164,25-34,15-24K,,Unmarried,1,1 Adult No Kids,0
1166,45-54,125-149K,Homeowner,Married,3,2 Adults Kids,1
1167,35-44,50-74K,Homeowner,,4,2 Adults Kids,2
1169,19-24,15-24K,Homeowner,Married,2,2 Adults No Kids,0
117,65+,35-49K,Probable Homeowner,Unmarried,2,2 Adults No Kids,0
1172,25-34,50-74K,,Unmarried,1,1 Adult No Kids,0
1174,25-34,Under 15K,,,5+,2 Adults Kids,3+
1175,25-34,50-74K,Homeowner,Married,2,1 Adult Kids,1
1178,45-54,15-24K,,Unmarried,1,1 Adult No Kids,0
1179,35-44,50-74K,Homeowner,Married,2,2 Adults No Kids,0
118,45-54,35-49K,Homeowner,Unmarried,1,1 Adult No Kids,0
1186,45-54,50-74K,Homeowner,Married,5+,1 Adult Kids,3+
1188,45-54,35-49K,Renter,Unmarried,1,1 Adult No Kids,0
119,45-54,125-149K,,Unmarried,1,1 Adult No Kids,0
1190,25-34,35-49K,Homeowner,,2,2 Adults No Kids,0
1197,35-44,150-174K,Homeowner,Married,2,2 Adults No Kids,0
121,45-54,25-34K,,,3,2 Adults Kids,1
1218,45-54,35-49K,Homeowner,Married,4,2 Adults Kids,2
1219,19-24,15-24K,Homeowner,Married,3,2 Adults Kids,1
1222,45-54,15-24K,Homeowner,Unmarried,1,1 Adult No Kids,0
1226,25-34,35-49K,Homeowner,Unmarried,3,1 Adult Kids,2
1228,45-54,100-124K,,Unmarried,1,1 Adult No Kids,0
1229,55-64,150-174K,Homeowner,Married,2,2 Adults No Kids,0
123,45-54,35-49K,Homeowner,Unmarried,2,2 Adults No Kids,0
1234,45-54,35-49K,Homeowner,Unmarried,2,2 Adults No Kids,0
1236,35-44,50-74K,,,3,2 Adults Kids,1
1240,45-54,Under 15K,Homeowner,,2,2 Adults No Kids,0
1247,35-44,35-49K,Homeowner,Married,2,2 Adults No Kids,0
1248,45-54,50-74K,,Unmarried,2,1 Adult Kids,1
1256,45-54,50-74K,,Unmarried,2,1 Adult Kids,1
1257,45-54,50-74K,Homeowner,,3,2 Adults Kids,1
1258,45-54,75-99K,Homeowner,Unmarried,1,1 Adult No Kids,0
1260,65+,50-74K,Homeowner,Unmarried,1,1 Adult No Kids,0
1261,45-54,25-34K,Homeowner,Married,2,1 Adult Kids,1
1263,25-34,15-24K,,Unmarried,1,1 Adult No Kids,0
1264,45-54,15-24K,,Unmarried,1,1 Adult No Kids,0
1267,25-34,75-99K,,Unmarried,1,1 Adult No Kids,0
1268,35-44,Under 15K,Homeowner,,4,2 Adults Kids,2
127,45-54,25-34K,,Unmarried,1,1 Adult No Kids,0
1270,45-54,15-24K,,Unmarried,1,1 Adult No Kids,0
1272,65+,35-49K,Homeowner,Married,2,1 Adult Kids,1
1285,25-34,25-34K,Renter,Unmarried,3,1 Adult Kids,2
1291,55-64,35-49K,Homeowner,Married,2,1 Adult Kids,1
1296,65+,25-34K,Homeowner,Married,2,1 Adult Kids,1
1297,35-44,75-99K,Homeowner,Unmarried,1,1 Adult No Kids,0
1299,35-44,15-24K,Renter,,4,2 Adults Kids,2
13,25-34,75-99K,Homeowner,,4,2 Adults Kids,2
1300,45-54,50-74K,Homeowner,Married,4,2 Adults Kids,2
1305,19-24,Under 15K,Renter,Unmarried,2,1 Adult Kids,1
1306,45-54,Under 15K,,Unmarried,1,1 Adult No Kids,0
131,45-54,50-74K,,,2,2 Adults No Kids,0
1316,55-64,35-49K,,,2,2 Adults No Kids,0
1318,65+,50-74K,Homeowner,Married,2,2 Adults No Kids,0
1321,19-24,35-49K,,,2,2 Adults No Kids,0
1326,45-54,Under 15K,Homeowner,Unmarried,1,1 Adult No Kids,0
133,45-54,Under 15K,Homeowner,Married,2,1 Adult Kids,1
1333,45-54,125-149K,Homeowner,,4,2 Adults Kids,2
1337,45-54,50-74K,Homeowner,,4,2 Adults Kids,2
134,55-64,25-34K,Homeowner,Married,2,1 Adult Kids,1
1352,35-44,75-99K,Homeowner,,2,2 Adults No Kids,0
1354,65+,15-24K,Homeowner,Unmarried,2,2 Adults No Kids,0
1357,55-64,25-34K,Homeowner,Married,2,2 Adults No Kids,0
136,45-54,50-74K,,Unmarried,1,1 Adult No Kids,0
1363,25-34,15-24K,,Unmarried,2,1 Adult Kids,1
1364,65+,100-124K,Homeowner,Unmarried,1,1 Adult No Kids,0
1367,35-44,75-99K,Homeowner,,3,2 Adults Kids,1
1369,25-34,Under 15K,Probable Renter,Unmarried,1,1 Adult No Kids,0
1370,65+,25-34K,Homeowner,,2,2 Adults No Kids,0
1376,55-64,50-74K,Homeowner,Unmarried,1,1 Adult No Kids,0
1378,25-34,100-124K,,Unmarried,1,1 Adult No Kids,0
1382,45-54,50-74K,Homeowner,,2,2 Adults No Kids,0
1388,35-44,100-124K,,Married,3,2 Adults Kids,1
1389,65+,100-124K,Homeowner,Married,2,1 Adult Kids,1
139,35-44,75-99K,Homeowner,Unmarried,1,1 Adult No Kids,0
1391,45-54,50-74K,Homeowner,Married,2,2 Adults No Kids,0
1393,35-44,150-174K,Homeowner,Unmarried,1,1 Adult No Kids,0
1394,45-54,50-74K,Homeowner,Married,2,2 Adults No Kids,0
1396,65+,125-149K,Homeowner,Married,2,2 Adults No Kids,0
1397,45-54,35-49K,Renter,Unmarried,1,1 Adult No Kids,0
1402,55-64,15-24K,,Unmarried,1,1 Adult No Kids,0
1412,45-54,50-74K,Homeowner,Married,3,2 Adults Kids,1
1418,25-34,35-49K,Homeowner,Married,3,2 Adults Kids,1
1419,35-44,35-49K,,Unmarried,1,1 Adult No Kids,0
1421,35-44,50-74K,Homeowner,Married,2,2 Adults No Kids,0
1423,45-54,15-24K,,Unmarried,1,1 Adult No Kids,0
1425,19-24,50-74K,,Unmarried,3,2 Adults Kids,1
1428,55-64,35-49K,,,2,2 Adults No Kids,0
1429,45-54,35-49K,Renter,Unmarried,1,1 Adult No Kids,0
1430,35-44,35-49K,Homeowner,Married,3,2 Adults Kids,1
1437,25-34,15-24K,Homeowner,Married,3,1 Adult Kids,1
1438,45-54,Under 15K,,Unmarried,1,1 Adult No Kids,0
1443,35-44,150-174K,,,2,2 Adults No Kids,0
1445,35-44,Under 15K,Homeowner,Married,2,2 Adults No Kids,0
1451,45-54,125-149K,Homeowner,Married,5+,1 Adult Kids,3+
1452,45-54,25-34K,,Married,3,2 Adults Kids,1
1453,45-54,125-149K,Homeowner,Married,3,2 Adults Kids,1
1454,65+,75-99K,Homeowner,Married,2,2 Adults No Kids,0
1461,35-44,25-34K,Homeowner,,2,2 Adults No Kids,0
1462,25-34,50-74K,Renter,Married,2,2 Adults No Kids,0
1467,35-44,50-74K,Probable Homeowner,Married,4,2 Adults Kids,2
1468,65+,75-99K,Homeowner,Married,2,2 Adults No Kids,0
1470,45-54,35-49K,,Unmarried,1,1 Adult No Kids,0
1474,35-44,50-74K,Homeowner,Unmarried,1,1 Adult No Kids,0
1475,25-34,50-74K,Homeowner,Unmarried,1,1 Adult No Kids,0
1479,45-54,15-24K,Probable Renter,Unmarried,1,1 Adult No Kids,0
1481,19-24,35-49K,,Unmarried,1,1 Adult No Kids,0
1483,19-24,Under 15K,,Unmarried,1,1 Adult No Kids,0
1484,19-24,35-49K,Homeowner,Married,2,2 Adults No Kids,0
1485,35-44,50-74K,Homeowner,Unmarried,1,1 Adult No Kids,0
1488,25-34,50-74K,Probable Homeowner,Married,2,1 Adult Kids,1
149,45-54,35-49K,Homeowner,,2,2 Adults No Kids,0
1491,65+,35-49K,Homeowner,,2,2 Adults No Kids,0
1492,65+,15-24K,Homeowner,Married,2,2 Adults No Kids,0
1494,65+,25-34K,,Unmarried,1,1 Adult No Kids,0
1499,55-64,15-24K,Homeowner,Married,2,2 Adults No Kids,0
1505,45-54,25-34K,,Unmarried,1,1 Adult No Kids,0
1509,45-54,50-74K,Homeowner,Married,2,2 Adults No Kids,0
1517,45-54,50-74K,Homeowner,Married,4,2 Adults Kids,2
1524,45-54,35-49K,Homeowner,Married,2,2 Adults No Kids,0
1527,25-34,50-74K,Homeowner,Married,2,2 Adults No Kids,0
1528,35-44,125-149K,,Unmarried,1,1 Adult No Kids,0
1529,45-54,50-74K,,Unmarried,1,1 Adult No Kids,0
1534,25-34,75-99K,Renter,Married,3,2 Adults Kids,1
1536,45-54,50-74K,,Unmarried,1,1 Adult No Kids,0
1537,19-24,35-49K,Renter,Married,3,2 Adults Kids,1
1540,45-54,15-24K,,,4,2 Adults Kids,2
1541,35-44,50-74K,,Unmarried,1,1 Adult No Kids,0
1545,45-54,35-49K,Homeowner,Married,2,2 Adults No Kids,0
1549,45-54,15-24K,Homeowner,Unmarried,1,1 Adult No Kids,0
155,35-44,50-74K,Homeowner,Unmarried,3,2 Adults Kids,1
1556,45-54,35-49K,Homeowner,Married,2,2 Adults No Kids,0
1557,25-34,100-124K,Renter,Married,4,1 Adult Kids,2
1563,45-54,75-99K,Homeowner,Married,3,2 Adults Kids,1
1566,35-44,75-99K,Homeowner,,2,2 Adults No Kids,0
1567,45-54,15-24K,Renter,Unmarried,1,1 Adult No Kids,0
1568,55-64,35-49K,Homeowner,Unmarried,1,1 Adult No Kids,0
157,19-24,15-24K,Homeowner,,2,2 Adults No Kids,0
1572,35-44,75-99K,Homeowner,Married,2,2 Adults No Kids,0
1578,45-54,15-24K,,,2,2 Adults No Kids,0
158,45-54,50-74K,Homeowner,Unmarried,1,1 Adult No Kids,0
1580,19-24,50-74K,,Unmarried,2,2 Adults No Kids,0
1585,45-54,150-174K,Homeowner,Unmarried,1,1 Adult No Kids,0
1588,35-44,50-74K,Homeowner,Unmarried,1,1 Adult No Kids,0
159,45-54,Under 15K,Homeowner,,2,2 Adults No Kids,0
1591,25-34,25-34K,,Unmarried,1,1 Adult No Kids,0
1595,45-54,50-74K,Homeowner,Unmarried,1,1 Adult No Kids,0
16,45-54,50-74K,Homeowner,Unmarried,1,1 Adult No Kids,0
1604,35-44,35-49K,Probable Homeowner,,2,2 Adults No Kids,0
1609,45-54,125-149K,Homeowner,Married,5+,2 Adults Kids,3+
161,19-24,75-99K,,Married,3,2 Adults Kids,1
1618,35-44,75-99K,Homeowner,Married,2,1 Adult Kids,1
1627,25-34,35-49K,,Unmarried,1,1 Adult No Kids,0
1631,19-24,Under 15K,Renter,Unmarried,4,1 Adult Kids,3+
1633,45-54,50-74K,Homeowner,Married,2,2 Adults No Kids,0
1634,25-34,35-49K,Homeowner,Married,5+,2 Adults Kids,3+
164,45-54,35-49K,,,2,2 Adults No Kids,0
1648,35-44,15-24K,Probable Renter,Unmarried,1,1 Adult No Kids,0
1649,35-44,150-174K,Homeowner,Unmarried,1,1 Adult No Kids,0
165,55-64,35-49K,Homeowner,Married,2,2 Adults No Kids,0
1650,45-54,75-99K,Homeowner,Married,3,2 Adults Kids,1
1653,35-44,Under 15K,Homeowner,Unmarried,1,1 Adult No Kids,0
166,25-34,50-74K,Homeowner,Married,3,2 Adults Kids,1
1662,35-44,150-174K,Homeowner,,2,2 Adults No Kids,0
1676,35-44,75-99K,,,2,2 Adults No Kids,0
1677,45-54,75-99K,Homeowner,Married,2,2 Adults No Kids,0
1678,45-54,75-99K,,Unmarried,1,1 Adult No Kids,0
1680,25-34,15-24K,Homeowner,Married,3,2 Adults Kids,1
1686,45-54,15-24K,Homeowner,,2,2 Adults No Kids,0
1689,45-54,50-74K,,Unmarried,1,1 Adult No Kids,0
1692,35-44,50-74K,,Unmarried,1,1 Adult No Kids,0
1693,25-34,35-49K,Homeowner,Married,3,2 Adults Kids,1
1694,35-44,15-24K,Probable Renter,Unmarried,1,1 Adult No Kids,0
1695,35-44,25-34K,Homeowner,Unmarried,1,1 Adult No Kids,0
1696,45-54,50-74K,Homeowner,Married,3,2 Adults Kids,1
17,65+,Under 15K,Homeowner,Unmarried,2,2 Adults No Kids,0
170,25-34,100-124K,Homeowner,Married,4,2 Adults Kids,2
1707,35-44,25-34K,,Unmarried,1,1 Adult No Kids,0
1708,45-54,25-34K,,Unmarried,1,1 Adult No Kids,0
1709,25-34,35-49K,,Married,3,2 Adults Kids,1
1710,35-44,150-174K,Homeowner,Married,2,1 Adult Kids,1
1720,45-54,50-74K,,Unmarried,1,1 Adult No Kids,0
1722,45-54,15-24K,,,2,2 Adults No Kids,0
1726,55-64,75-99K,Homeowner,Unmarried,1,1 Adult No Kids,0
1740,19-24,250K+,,Unmarried,1,1 Adult No Kids,0
1745,45-54,Under 15K,,Married,2,1 Adult Kids,1
1748,45-54,35-49K,,Unmarried,1,1 Adult No Kids,0
1749,55-64,35-49K,Homeowner,Unmarried,1,1 Adult No Kids,0
1751,25-34,15-24K,Renter,Married,4,2 Adults Kids,2
1753,45-54,35-49K,Homeowner,Unmarried,1,1 Adult No Kids,0
1759,35-44,35-49K,,,5+,2 Adults Kids,3+
1762,45-54,125-149K,Homeowner,Married,5+,2 Adults Kids,3+
1764,45-54,75-99K,Homeowner,Married,4,2 Adults Kids,2
1765,45-54,35-49K,,Unmarried,1,1 Adult No Kids,0
1775,45-54,75-99K,Homeowner,Married,5+,2 Adults Kids,3+
1778,25-34,35-49K,Homeowner,Married,2,2 Adults No Kids,0
1779,65+,75-99K,Homeowner,Married,2,2 Adults No Kids,0
178,25-34,25-34K,Homeowner,Married,5+,1 Adult Kids,3+
1785,25-34,35-49K,Homeowner,Married,5+,2 Adults Kids,3+
1788,35-44,75-99K,Homeowner,Married,2,2 Adults No Kids,0
1791,45-54,100-124K,Homeowner,Unmarried,2,2 Adults No Kids,0
1795,45-54,25-34K,Homeowner,,2,2 Adults No Kids,0
1796,19-24,35-49K,,Unmarried,1,1 Adult No Kids,0
1797,65+,Under 15K,Homeowner,Unmarried,1,1 Adult No Kids,0
18,45-54,100-124K,Homeowner,Married,2,2 Adults No Kids,0
1800,35-44,175-199K,Homeowner,Married,2,2 Adults No Kids,0
1802,45-54,150-174K,Homeowner,,2,2 Adults No Kids,0
1803,19-24,50-74K,Homeowner,Married,3,2 Adults Kids,1
1804,65+,35-49K,Homeowner,Married,2,2 Adults No Kids,0
1812,45-54,50-74K,,Unmarried,1,1 Adult No Kids,0
1814,65+,150-174K,Homeowner,,2,2 Adults No Kids,0
1815,45-54,25-34K,,,2,2 Adults No Kids,0
1816,19-24,Under 15K,Renter,Unmarried,5+,2 Adults Kids,3+
1820,45-54,150-174K,Homeowner,Married,2,2 Adults No Kids,0
1822,55-64,35-49K,,,2,2 Adults No Kids,0
1823,45-54,75-99K,Homeowner,Married,2,2 Adults No Kids,0
1829,65+,75-99K,Homeowner,Married,2,1 Adult Kids,1
1831,55-64,75-99K,Homeowner,Unmarried,1,1 Adult No Kids,0
1833,25-34,25-34K,Homeowner,Unmarried,5+,1 Adult Kids,3+
1834,45-54,125-149K,Homeowner,,5+,2 Adults Kids,3+
184,45-54,25-34K,,Unmarried,1,1 Adult No Kids,0
1841,45-54,35-49K,Homeowner,Unmarried,2,2 Adults No Kids,0
1844,45-54,250K+,Homeowner,Married,2,2 Adults No Kids,0
1845,45-54,175-199K,,,3,2 Adults Kids,1
1847,45-54,175-199K,,Unmarried,1,1 Adult No Kids,0
1848,45-54,75-99K,Homeowner,Married,3,2 Adults Kids,1
1850,65+,75-99K,Homeowner,Married,2,1 Adult Kids,1
1858,25-34,150-174K,Homeowner,Unmarried,1,1 Adult No Kids,0
1861,25-34,15-24K,Homeowner,,4,2 Adults Kids,2
1864,45-54,125-149K,Homeowner,Unmarried,5+,1 Adult Kids,3+
1865,45-54,50-74K,Homeowner,Unmarried,1,1 Adult No Kids,0
1869,19-24,35-49K,Renter,Married,2,2 Adults No Kids,0
1873,35-44,15-24K,,Unmarried,1,1 Adult No Kids,0
1879,65+,35-49K,,Married,2,1 Adult Kids,1
1892,35-44,35-49K,Homeowner,Married,3,2 Adults Kids,1
1894,35-44,100-124K,Homeowner,Married,2,2 Adults No Kids,0
1896,45-54,50-74K,Homeowner,Married,2,2 Adults No Kids,0
1899,25-34,25-34K,Homeowner,Married,3,2 Adults Kids,1
19,35-44,15-24K,,Unmarried,1,1 Adult No Kids,0
1901,45-54,35-49K,Homeowner,,3,2 Adults Kids,1
1907,25-34,50-74K,,Unmarried,1,1 Adult No Kids,0
1911,35-44,50-74K,,Married,2,1 Adult Kids,1
1914,55-64,75-99K,Homeowner,Unmarried,1,1 Adult No Kids,0
1917,65+,15-24K,,Unmarried,1,1 Adult No Kids,0
1919,35-44,35-49K,Homeowner,Married,5+,1 Adult Kids,3+
192,45-54,35-49K,Homeowner,Married,2,1 Adult Kids,1
1920,55-64,50-74K,Homeowner,Married,2,2 Adults No Kids,0
1921,35-44,35-49K,Homeowner,Married,2,2 Adults No Kids,0
1923,19-24,35-49K,Renter,Unmarried,1,1 Adult No Kids,0
1926,25-34,35-49K,Homeowner,,2,2 Adults No Kids,0
1927,19-24,Under 15K,,Unmarried,1,1 Adult No Kids,0
1928,35-44,75-99K,Homeowner,Unmarried,3,2 Adults Kids,1
1929,35-44,25-34K,Homeowner,Unmarried,1,1 Adult No Kids,0
193,45-54,75-99K,Homeowner,Married,2,2 Adults No Kids,0
1931,45-54,50-74K,Homeowner,Unmarried,1,1 Adult No Kids,0
1935,55-64,150-174K,Homeowner,Married,2,2 Adults No Kids,0
1937,45-54,50-74K,Homeowner,Married,2,2 Adults No Kids,0
1939,35-44,50-74K,Homeowner,Married,2,2 Adults No Kids,0
1944,25-34,125-149K,Homeowner,,4,2 Adults Kids,2
1946,25-34,75-99K,,Unmarried,1,1 Adult No Kids,0
1948,35-44,50-74K,Homeowner,Unmarried,1,1 Adult No Kids,0
1949,45-54,Under 15K,,Unmarried,1,1 Adult No Kids,0
1953,45-54,50-74K,Homeowner,Unmarried,1,1 Adult No Kids,0
1955,25-34,35-49K,,Unmarried,1,1 Adult No Kids,0
1962,65+,25-34K,,,2,2 Adults No Kids,0
1964,65+,Under 15K,Renter,Unmarried,1,1 Adult No Kids,0
1965,25-34,50-74K,Homeowner,Married,3,2 Adults Kids,1
1975,35-44,75-99K,Renter,Unmarried,1,1 Adult No Kids,0
1976,25-34,50-74K,Homeowner,Married,5+,2 Adults Kids,3+
1979,45-54,150-174K,,,3,2 Adults Kids,1
198,35-44,Under 15K,Homeowner,Married,3,2 Adults Kids,1
1980,55-64,50-74K,Homeowner,Married,2,1 Adult Kids,1
1982,25-34,100-124K,,Unmarried,1,1 Adult No Kids,0
1985,25-34,50-74K,,,5+,2 Adults Kids,3+
1989,65+,15-24K,Homeowner,Unmarried,1,1 Adult No Kids,0
1990,35-44,125-149K,Homeowner,Married,5+,2 Adults Kids,3+
1995,25-34,25-34K,,Unmarried,3,1 Adult Kids,2
1997,25-34,50-74K,,Unmarried,1,1 Adult No Kids,0
20,25-34,75-99K,Renter,Married,2,2 Adults No Kids,0
2002,35-44,35-49K,Homeowner,Unmarried,1,1 Adult No Kids,0
2004,45-54,50-74K,,Unmarried,1,1 Adult No Kids,0
2006,45-54,Under 15K,,Unmarried,1,1 Adult No Kids,0
2007,45-54,50-74K,Homeowner,Married,3,2 Adults Kids,1
201,45-54,15-24K,Homeowner,Married,5+,2 Adults Kids,3+
2011,45-54,75-99K,Homeowner,Unmarried,1,1 Adult No Kids,0
2012,45-54,25-34K,Renter,Married,2,1 Adult Kids,1
2013,19-24,25-34K,,Unmarried,1,1 Adult No Kids,0
2017,45-54,75-99K,Homeowner,Married,2,2 Adults No Kids,0
2018,45-54,50-74K,,Unmarried,1,1 Adult No Kids,0
2020,35-44,100-124K,,Married,5+,2 Adults Kids,3+
2023,45-54,35-49K,Homeowner,,3,2 Adults Kids,1
2024,25-34,125-149K,Homeowner,Unmarried,2,2 Adults No Kids,0
2030,35-44,75-99K,Homeowner,Unmarried,1,1 Adult No Kids,0
2040,25-34,25-34K,Homeowner,Unmarried,1,1 Adult No Kids,0
2041,35-44,35-49K,Renter,Unmarried,2,2 Adults No Kids,0
2050,35-44,25-34K,Homeowner,Married,5+,2 Adults Kids,3+
2053,45-54,15-24K,Homeowner,Married,2,2 Adults No Kids,0
2057,35-44,35-49K,Homeowner,Married,2,2 Adults No Kids,0
2058,25-34,125-149K,Homeowner,Unmarried,2,2 Adults No Kids,0
2062,25-34,25-34K,,,2,2 Adults No Kids,0
2063,55-64,75-99K,Homeowner,Married,2,2 Adults No Kids,0
2064,19-24,50-74K,,Unmarried,1,1 Adult No Kids,0
2068,55-64,50-74K,Homeowner,Married,2,1 Adult Kids,1
2069,35-44,15-24K,,Unmarried,1,1 Adult No Kids,0
2070,45-54,50-74K,,Unmarried,1,1 Adult No Kids,0
2076,25-34,100-124K,Homeowner,Married,3,2 Adults Kids,1
208,45-54,50-74K,Homeowner,,2,2 Adults No Kids,0
2082,45-54,Under 15K,Homeowner,Married,3,2 Adults Kids,1
2084,55-64,125-149K,Homeowner,Married,2,2 Adults No Kids,0
2085,35-44,35-49K,Homeowner,Married,2,2 Adults No Kids,0
2086,45-54,25-34K,Homeowner,Married,2,2 Adults No Kids,0
2087,45-54,100-124K,Homeowner,Unmarried,1,1 Adult No Kids,0
2088,25-34,35-49K,,Unmarried,1,1 Adult No Kids,0
209,45-54,25-34K,Homeowner,,3,2 Adults Kids,1
2092,35-44,Under 15K,Homeowner,Married,3,1 Adult Kids,1
2094,45-54,50-74K,Homeowner,Married,2,2 Adults No Kids,0
2097,35-44,15-24K,Homeowner,Married,5+,2 Adults Kids,3+
2100,65+,35-49K,Homeowner,Married,2,2 Adults No Kids,0
2102,55-64,175-199K,Homeowner,Married,2,2 Adults No Kids,0
2107,35-44,75-99K,Homeowner,Married,5+,2 Adults Kids,3+
211,65+,35-49K,Homeowner,Married,2,1 Adult Kids,1
2110,35-44,125-149K,Homeowner,Married,2,2 Adults No Kids,0
2111,45-54,75-99K,Homeowner,,2,2 Adults No Kids,0
2112,45-54,35-49K,Homeowner,Married,5+,2 Adults Kids,3+
2115,35-44,150-174K,Homeowner,Married,5+,2 Adults Kids,3+
2116,35-44,75-99K,Homeowner,Married,5+,2 Adults Kids,3+
2119,25-34,50-74K,Homeowner,Unmarried,1,1 Adult No Kids,0
212,35-44,Under 15K,,Unmarried,1,1 Adult No Kids,0
2121,55-64,35-49K,Homeowner,Unmarried,2,2 Adults No Kids,0
2123,45-54,75-99K,Homeowner,,2,2 Adults No Kids,0
2124,25-34,50-74K,Homeowner,Married,4,2 Adults Kids,2
2129,25-34,35-49K,,Unmarried,2,1 Adult Kids,1
2130,25-34,50-74K,Homeowner,Unmarried,1,1 Adult No Kids,0
2133,55-64,100-124K,,Married,2,2 Adults No Kids,0
2134,35-44,35-49K,,Unmarried,1,1 Adult No Kids,0
214,55-64,Under 15K,Homeowner,Unmarried,2,2 Adults No Kids,0
2140,65+,15-24K,Homeowner,Married,2,2 Adults No Kids,0
2147,25-34,75-99K,Homeowner,Married,3,2 Adults Kids,1
2148,55-64,35-49K,Homeowner,Married,4,2 Adults Kids,2
2154,45-54,35-49K,Homeowner,Married,2,2 Adults No Kids,0
2156,45-54,50-74K,Homeowner,Married,2,2 Adults No Kids,0
2158,25-34,50-74K,Probable Renter,Unmarried,1,1 Adult No Kids,0
216,35-44,50-74K,Homeowner,Unmarried,1,1 Adult No Kids,0
2162,45-54,75-99K,Homeowner,Unmarried,1,1 Adult No Kids,0
2168,35-44,50-74K,,Unmarried,1,1 Adult No Kids,0
2172,25-34,100-124K,Homeowner,Married,2,2 Adults No Kids,0
2173,25-34,35-49K,,,2,2 Adults No Kids,0
2179,45-54,35-49K,Homeowner,Married,3,2 Adults Kids,1
218,45-54,15-24K,Homeowner,Married,2,2 Adults No Kids,0
2181,55-64,100-124K,Homeowner,Married,3,2 Adults Kids,1
2182,45-54,75-99K,Homeowner,Married,2,2 Adults No Kids,0
2183,65+,25-34K,Homeowner,Married,2,2 Adults No Kids,0
2184,25-34,50-74K,,Unmarried,1,1 Adult No Kids,0
2185,25-34,125-149K,Homeowner,,4,2 Adults Kids,2
2186,35-44,25-34K,,Unmarried,1,1 Adult No Kids,0
2188,65+,35-49K,Homeowner,Unmarried,2,2 Adults No Kids,0
219,55-64,150-174K,Homeowner,Married,2,2 Adults No Kids,0
2190,35-44,50-74K,Homeowner,Married,4,2 Adults Kids,2
2193,25-34,50-74K,Homeowner,Married,2,2 Adults No Kids,0
2194,55-64,25-34K,Homeowner,Unmarried,1,1 Adult No Kids,0
2198,35-44,25-34K,,Unmarried,1,1 Adult No Kids,0
2199,19-24,50-74K,,,3,2 Adults Kids,1
22,45-54,75-99K,Homeowner,Married,2,2 Adults No Kids,0
220,45-54,35-49K,Homeowner,Married,2,2 Adults No Kids,0
2200,45-54,Under 15K,,Unmarried,1,1 Adult No Kids,0
2203,45-54,50-74K,Homeowner,Married,2,2 Adults No Kids,0
2208,35-44,50-74K,,Unmarried,3,1 Adult Kids,2
2209,25-34,35-49K,Renter,Married,5+,2 Adults Kids,3+
221,65+,15-24K,,Unmarried,1,1 Adult No Kids,0
2217,35-44,15-24K,,Unmarried,1,1 Adult No Kids,0
222,35-44,35-49K,,Married,2,2 Adults No Kids,0
2221,65+,35-49K,Homeowner,Unmarried,1,1 Adult No Kids,0
2224,19-24,250K+,Homeowner,Unmarried,1,1 Adult No Kids,0
2231,35-44,200-249K,Homeowner,Married,2,2 Adults No Kids,0
2233,25-34,150-174K,Homeowner,Unmarried,1,1 Adult No Kids,0
2234,65+,Under 15K,Homeowner,Married,2,2 Adults No Kids,0
2235,45-54,175-199K,Homeowner,,3,2 Adults Kids,1
2237,45-54,50-74K,Homeowner,Unmarried,1,1 Adult No Kids,0
2243,45-54,50-74K,Homeowner,Married,2,2 Adults No Kids,0
2250,35-44,75-99K,,Unmarried,1,1 Adult No Kids,0
2252,45-54,50-74K,Homeowner,Married,4,2 Adults Kids,2
2254,19-24,35-49K,,Unmarried,1,1 Adult No Kids,0
2260,45-54,25-34K,Homeowner,Unmarried,1,1 Adult No Kids,0
2264,45-54,250K+,Homeowner,Married,2,2 Adults No Kids,0
2266,25-34,35-49K,Homeowner,Unmarried,1,1 Adult No Kids,0
2269,55-64,35-49K,Homeowner,Married,2,2 Adults No Kids,0
2272,65+,25-34K,Homeowner,Married,2,2 Adults No Kids,0
2279,25-34,50-74K,,,2,2 Adults No Kids,0
2280,35-44,15-24K,Homeowner,,3,2 Adults Kids,1
2282,55-64,175-199K,Homeowner,Unmarried,1,1 Adult No Kids,0
2284,45-54,250K+,Homeowner,Married,2,2 Adults No Kids,0
2292,45-54,35-49K,Renter,Married,5+,2 Adults Kids,3+
2294,45-54,25-34K,Renter,Unmarried,4,2 Adults Kids,2
2295,35-44,35-49K,Renter,Unmarried,1,1 Adult No Kids,0
2296,35-44,125-149K,Homeowner,,2,2 Adults No Kids,0
2298,65+,50-74K,Probable Renter,Married,2,1 Adult Kids,1
230,25-34,25-34K,,Unmarried,1,1 Adult No Kids,0
2300,45-54,50-74K,Homeowner,,2,2 Adults No Kids,0
2302,35-44,35-49K,Homeowner,Married,3,1 Adult Kids,1
2305,45-54,50-74K,Homeowner,Unmarried,1,1 Adult No Kids,0
2307,45-54,75-99K,Homeowner,Married,3,2 Adults Kids,1
2312,45-54,250K+,Homeowner,Married,2,2 Adults No Kids,0
2314,45-54,125-149K,Homeowner,Married,2,2 Adults No Kids,0
2317,35-44,50-74K,Homeowner,Married,5+,2 Adults Kids,3+
2318,19-24,Under 15K,,Unmarried,1,1 Adult No Kids,0
232,35-44,35-49K,,,2,2 Adults No Kids,0
2322,45-54,175-199K,Homeowner,Unmarried,1,1 Adult No Kids,0
2324,35-44,50-74K,Homeowner,Married,2,2 Adults No Kids,0
2328,45-54,250K+,Homeowner,,2,2 Adults No Kids,0
2330,45-54,50-74K,Homeowner,Unmarried,1,1 Adult No Kids,0
2331,35-44,35-49K,Homeowner,Married,5+,2 Adults Kids,3+
2334,35-44,50-74K,Homeowner,Unmarried,1,1 Adult No Kids,0
2337,65+,Under 15K,Homeowner,Unmarried,3,1 Adult Kids,2
2341,45-54,50-74K,Homeowner,Unmarried,1,1 Adult No Kids,0
2342,55-64,100-124K,Homeowner,Unmarried,1,1 Adult No Kids,0
2343,19-24,50-74K,,Unmarried,1,1 Adult No Kids,0
2347,45-54,35-49K,,,2,2 Adults No Kids,0
235,35-44,250K+,Homeowner,Married,5+,2 Adults Kids,3+
2351,45-54,75-99K,Homeowner,Married,2,2 Adults No Kids,0
2359,45-54,25-34K,Homeowner,Married,2,2 Adults No Kids,0
2360,25-34,50-74K,Homeowner,Unmarried,1,1 Adult No Kids,0
2361,25-34,35-49K,,,2,2 Adults No Kids,0
2364,45-54,25-34K,Renter,Married,2,2 Adults No Kids,0
2367,45-54,Under 15K,,,2,2 Adults No Kids,0
2370,25-34,Under 15K,Homeowner,Married,2,2 Adults No Kids,0
2374,45-54,150-174K,Homeowner,,2,2 Adults No Kids,0
2376,45-54,35-49K,,Unmarried,1,1 Adult No Kids,0
2378,25-34,50-74K,,Married,5+,2 Adults Kids,3+
2380,45-54,50-74K,Homeowner,Unmarried,1,1 Adult No Kids,0
239,45-54,50-74K,Renter,Unmarried,1,1 Adult No Kids,0
2390,25-34,50-74K,,Married,2,1 Adult Kids,1
2393,35-44,75-99K,Homeowner,Unmarried,1,1 Adult No Kids,0
2397,65+,125-149K,,Unmarried,2,2 Adults No Kids,0
2400,35-44,25-34K,Homeowner,Married,3,2 Adults Kids,1
2405,25-34,15-24K,,Unmarried,1,1 Adult No Kids,0
2406,25-34,125-149K,Homeowner,Married,3,2 Adults Kids,1
2407,45-54,100-124K,Homeowner,Married,2,2 Adults No Kids,0
2411,65+,Under 15K,Homeowner,Married,2,2 Adults No Kids,0
242,45-54,75-99K,Homeowner,Married,5+,2 Adults Kids,3+
2420,45-54,15-24K,,,3,2 Adults Kids,1
2421,45-54,150-174K,Homeowner,Married,5+,2 Adults Kids,3+
2426,19-24,Under 15K,Probable Renter,Unmarried,1,1 Adult No Kids,0
2427,35-44,50-74K,Homeowner,Married,3,2 Adults Kids,1
243,65+,50-74K,Homeowner,,2,2 Adults No Kids,0
2432,19-24,35-49K,,Unmarried,1,1 Adult No Kids,0
2435,45-54,50-74K,Homeowner,Unmarried,5+,1 Adult Kids,3+
2437,35-44,125-149K,Homeowner,Married,5+,2 Adults Kids,3+
2445,45-54,35-49K,,Unmarried,1,1 Adult No Kids,0
2446,35-44,125-149K,Homeowner,,2,2 Adults No Kids,0
2447,35-44,25-34K,Homeowner,Married,2,2 Adults No Kids,0
2448,45-54,50-74K,Homeowner,Married,2,2 Adults No Kids,0
2449,35-44,175-199K,Homeowner,Married,5+,2 Adults Kids,3+
2453,45-54,50-74K,Homeowner,Unmarried,1,1 Adult No Kids,0
2455,45-54,25-34K,Homeowner,Unmarried,2,2 Adults No Kids,0
2465,65+,15-24K,Homeowner,Married,2,1 Adult Kids,1
2467,35-44,75-99K,Homeowner,Married,3,2 Adults Kids,1
2479,25-34,150-174K,Homeowner,,2,2 Adults No Kids,0
248,35-44,125-149K,Homeowner,Married,4,2 Adults Kids,2
2483,45-54,75-99K,Homeowner,Unmarried,1,1 Adult No Kids,0
2486,35-44,25-34K,,Unmarried,1,1 Adult No Kids,0
2488,45-54,35-49K,Homeowner,Unmarried,1,1 Adult No Kids,0
2489,35-44,50-74K,Homeowner,Married,2,2 Adults No Kids,0
249,35-44,Under 15K,Renter,Married,3,2 Adults Kids,1
2494,35-44,50-74K,Homeowner,,2,2 Adults No Kids,0
2496,45-54,75-99K,Homeowner,Married,3,2 Adults Kids,1
2497,45-54,35-49K,,Unmarried,1,1 Adult No Kids,0
2498,25-34,50-74K,Homeowner,,2,2 Adults No Kids,0
2499,25-34,Under 15K,,,3,2 Adults Kids,1
25,35-44,50-74K,,Unmarried,1,1 Adult No Kids,0
250,45-54,75-99K,Homeowner,Married,4,1 Adult Kids,2
253,45-54,Under 15K,,Unmarried,1,1 Adult No Kids,0
256,25-34,50-74K,Homeowner,,2,2 Adults No Kids,0
257,25-34,25-34K,,Unmarried,3,1 Adult Kids,2
263,45-54,35-49K,,,2,2 Adults No Kids,0
264,45-54,75-99K,Homeowner,,2,2 Adults No Kids,0
27,45-54,25-34K,Probable Renter,Unmarried,1,1 Adult No Kids,0
276,35-44,35-49K,,Unmarried,1,1 Adult No Kids,0
281,35-44,50-74K,Homeowner,Unmarried,1,1 Adult No Kids,0
282,45-54,35-49K,,Unmarried,1,1 Adult No Kids,0
283,25-34,50-74K,Homeowner,Married,2,2 Adults No Kids,0
289,45-54,100-124K,Homeowner,Unmarried,1,1 Adult No Kids,0
290,25-34,35-49K,,,2,2 Adults No Kids,0
294,25-34,50-74K,Homeowner,Married,4,2 Adults Kids,2
300,55-64,Under 15K,,Married,2,1 Adult Kids,1
301,35-44,35-49K,Homeowner,Married,4,2 Adults Kids,2
302,45-54,35-49K,Homeowner,,3,2 Adults Kids,1
304,25-34,50-74K,,,2,2 Adults No Kids,0
306,19-24,35-49K,Homeowner,,4,2 Adults Kids,2
309,25-34,75-99K,Homeowner,Married,2,1 Adult Kids,1
31,35-44,35-49K,Homeowner,Unmarried,2,2 Adults No Kids,0
314,45-54,75-99K,Homeowner,,3,2 Adults Kids,1
317,45-54,75-99K,Homeowner,Married,2,1 Adult Kids,1
319,45-54,35-49K,Homeowner,Unmarried,4,1 Adult Kids,3+
321,45-54,100-124K,Homeowner,Married,2,2 Adults No Kids,0
324,45-54,50-74K,,Unmarried,1,1 Adult No Kids,0
325,35-44,75-99K,Homeowner,Married,4,2 Adults Kids,2
329,25-34,75-99K,,Unmarried,1,1 Adult No Kids,0
332,35-44,125-149K,Homeowner,Married,5+,2 Adults Kids,3+
334,45-54,Under 15K,Homeowner,Married,2,2 Adults No Kids,0
346,65+,50-74K,Homeowner,Married,2,2 Adults No Kids,0
350,45-54,50-74K,Homeowner,Married,4,1 Adult Kids,2
351,45-54,50-74K,,Unmarried,1,1 Adult No Kids,0
353,45-54,150-174K,Homeowner,Married,2,2 Adults No Kids,0
354,25-34,35-49K,Homeowner,Married,5+,2 Adults Kids,3+
358,35-44,50-74K,Homeowner,,2,2 Adults No Kids,0
361,45-54,50-74K,,Unmarried,1,1 Adult No Kids,0
362,65+,50-74K,,Unmarried,1,1 Adult No Kids,0
367,55-64,50-74K,Homeowner,Married,2,2 Adults No Kids,0
370,65+,50-74K,,,2,2 Adults No Kids,0
371,35-44,75-99K,Homeowner,Married,3,2 Adults Kids,1
377,45-54,50-74K,Homeowner,Married,2,2 Adults No Kids,0
378,55-64,50-74K,Homeowner,Married,2,1 Adult Kids,1
381,25-34,35-49K,Homeowner,Unmarried,2,1 Adult Kids,1
383,45-54,50-74K,Homeowner,Unmarried,1,1 Adult No Kids,0
385,25-34,50-74K,Homeowner,Married,5+,2 Adults Kids,3+
386,35-44,25-34K,Probable Homeowner,Unmarried,1,1 Adult No Kids,0
387,25-34,50-74K,Homeowner,Unmarried,1,1 Adult No Kids,0
389,35-44,150-174K,Probable Homeowner,Unmarried,1,1 Adult No Kids,0
39,35-44,125-149K,Homeowner,Married,2,2 Adults No Kids,0
390,45-54,25-34K,Renter,Unmarried,1,1 Adult No Kids,0
391,65+,25-34K,,Unmarried,1,1 Adult No Kids,0
392,35-44,250K+,Homeowner,Married,3,2 Adults Kids,1
395,35-44,25-34K,,Unmarried,1,1 Adult No Kids,0
40,45-54,Under 15K,Homeowner,,2,2 Adults No Kids,0
400,35-44,150-174K,Homeowner,Married,3,2 Adults Kids,1
404,25-34,25-34K,,Married,2,2 Adults No Kids,0
409,19-24,25-34K,Homeowner,Unmarried,2,2 Adults No Kids,0
410,55-64,35-49K,Homeowner,Married,5+,2 Adults Kids,3+
411,35-44,Under 15K,,,2,2 Adults No Kids,0
412,65+,15-24K,Homeowner,Married,2,1 Adult Kids,1
413,45-54,100-124K,,Unmarried,1,1 Adult No Kids,0
417,45-54,35-49K,,Married,2,1 Adult Kids,1
418,35-44,35-49K,,,3,2 Adults Kids,1
42,65+,50-74K,,Unmarried,1,1 Adult No Kids,0
426,45-54,50-74K,Homeowner,,2,2 Adults No Kids,0
428,19-24,50-74K,Probable Homeowner,,2,2 Adults No Kids,0
43,35-44,15-24K,Homeowner,Unmarried,5+,2 Adults Kids,3+
432,19-24,25-34K,,Unmarried,1,1 Adult No Kids,0
434,35-44,15-24K,Homeowner,Married,3,2 Adults Kids,1
437,25-34,50-74K,Homeowner,Married,5+,2 Adults Kids,3+
438,35-44,50-74K,Probable Homeowner,Married,2,2 Adults No Kids,0
441,45-54,50-74K,Homeowner,Unmarried,1,1 Adult No Kids,0
442,25-34,15-24K,,Unmarried,2,1 Adult Kids,1
443,45-54,25-34K,Homeowner,Married,2,2 Adults No Kids,0
451,25-34,Under 15K,Renter,Unmarried,2,2 Adults No Kids,0
454,55-64,35-49K,,Unmarried,1,1 Adult No Kids,0
456,19-24,50-74K,Homeowner,Unmarried,2,2 Adults No Kids,0
458,55-64,35-49K,Homeowner,Married,2,1 Adult Kids,1
46,45-54,150-174K,Homeowner,Married,5+,2 Adults Kids,3+
460,65+,25-34K,Homeowner,Unmarried,1,1 Adult No Kids,0
462,65+,100-124K,,Unmarried,1,1 Adult No Kids,0
464,65+,50-74K,Homeowner,Married,2,2 Adults No Kids,0
469,45-54,75-99K,Probable Homeowner,Unmarried,1,1 Adult No Kids,0
473,45-54,50-74K,Homeowner,Unmarried,1,1 Adult No Kids,0
48,19-24,35-49K,Homeowner,,2,2 Adults No Kids,0
483,45-54,35-49K,,Unmarried,1,1 Adult No Kids,0
484,25-34,15-24K,,,2,2 Adults No Kids,0
485,35-44,25-34K,Homeowner,Unmarried,1,1 Adult No Kids,0
489,55-64,150-174K,,Unmarried,1,1 Adult No Kids,0
49,35-44,35-49K,Homeowner,Married,2,2 Adults No Kids,0
490,35-44,75-99K,Homeowner,Married,5+,2 Adults Kids,3+
491,45-54,75-99K,,Married,2,1 Adult Kids,1
492,45-54,50-74K,Homeowner,,2,2 Adults No Kids,0
493,55-64,50-74K,,Unmarried,1,1 Adult No Kids,0
510,35-44,250K+,Homeowner,Married,3,2 Adults Kids,1
513,45-54,75-99K,Homeowner,,2,2 Adults No Kids,0
518,45-54,75-99K,Homeowner,Married,2,2 Adults No Kids,0
52,45-54,50-74K,Homeowner,Unmarried,2,2 Adults No Kids,0
523,65+,35-49K,Homeowner,Unmarried,1,1 Adult No Kids,0
526,45-54,50-74K,,Unmarried,1,1 Adult No Kids,0
527,45-54,50-74K,Homeowner,Unmarried,1,1 Adult No Kids,0
534,45-54,35-49K,,Unmarried,1,1 Adult No Kids,0
540,25-34,50-74K,Homeowner,Unmarried,1,1 Adult No Kids,0
542,25-34,35-49K,,Unmarried,1,1 Adult No Kids,0
543,35-44,35-49K,Probable Homeowner,Married,3,1 Adult Kids,1
546,45-54,50-74K,,,2,2 Adults No Kids,0
548,35-44,75-99K,Homeowner,Unmarried,2,2 Adults No Kids,0
55,65+,35-49K,Homeowner,Married,2,2 Adults No Kids,0
553,45-54,75-99K,Homeowner,,2,2 Adults No Kids,0
56,55-64,100-124K,Homeowner,Married,4,2 Adults Kids,2
560,19-24,35-49K,,,2,2 Adults No Kids,0
567,19-24,25-34K,,Unmarried,1,1 Adult No Kids,0
569,35-44,250K+,Homeowner,Married,3,2 Adults Kids,1
57,45-54,35-49K,Homeowner,Unmarried,2,2 Adults No Kids,0
574,35-44,75-99K,Homeowner,Married,3,2 Adults Kids,1
575,35-44,50-74K,,Unmarried,1,1 Adult No Kids,0
576,55-64,35-49K,Homeowner,Married,2,1 Adult Kids,1
578,25-34,50-74K,,Unmarried,1,1 Adult No Kids,0
58,25-34,150-174K,Homeowner,Married,4,2 Adults Kids,2
582,45-54,125-149K,Homeowner,Married,3,2 Adults Kids,1
583,35-44,15-24K,,Unmarried,1,1 Adult No Kids,0
586,19-24,35-49K,Renter,Married,3,2 Adults Kids,1
588,35-44,50-74K,Homeowner,Married,5+,2 Adults Kids,3+
593,35-44,35-49K,,Unmarried,1,1 Adult No Kids,0
595,25-34,35-49K,,,3,2 Adults Kids,1
596,45-54,15-24K,Homeowner,Married,3,1 Adult Kids,1
597,19-24,Under 15K,,Unmarried,2,1 Adult Kids,1
598,35-44,25-34K,,Unmarried,1,1 Adult No Kids,0
601,35-44,100-124K,Homeowner,Married,4,2 Adults Kids,2
605,25-34,75-99K,Homeowner,Married,4,2 Adults Kids,2
606,45-54,35-49K,Probable Renter,Unmarried,1,1 Adult No Kids,0
607,45-54,125-149K,,Unmarried,1,1 Adult No Kids,0
608,25-34,25-34K,Renter,Unmarried,5+,1 Adult Kids,3+
609,45-54,50-74K,,Unmarried,1,1 Adult No Kids,0
614,35-44,15-24K,,Married,4,2 Adults Kids,2
621,45-54,35-49K,,Unmarried,1,1 Adult No Kids,0
622,35-44,15-24K,,Unmarried,1,1 Adult No Kids,0
623,45-54,35-49K,Homeowner,Married,3,2 Adults Kids,1
624,45-54,50-74K,,Unmarried,1,1 Adult No Kids,0
630,35-44,35-49K,Homeowner,Married,3,2 Adults Kids,1
631,65+,100-124K,Homeowner,Married,3,2 Adults Kids,1
644,65+,75-99K,Homeowner,Married,2,2 Adults No Kids,0
647,35-44,50-74K,Renter,Married,4,2 Adults Kids,2
660,55-64,50-74K,Homeowner,Married,2,2 Adults No Kids,0
661,45-54,50-74K,Homeowner,Unmarried,1,1 Adult No Kids,0
67,45-54,Under 15K,Homeowner,Married,5+,2 Adults Kids,3+
670,55-64,35-49K,,Married,3,2 Adults Kids,1
671,35-44,35-49K,Homeowner,Unmarried,1,1 Adult No Kids,0
672,35-44,25-34K,,,2,2 Adults No Kids,0
675,35-44,50-74K,,,2,2 Adults No Kids,0
680,45-54,50-74K,Homeowner,Unmarried,1,1 Adult No Kids,0
682,65+,125-149K,Homeowner,Married,2,2 Adults No Kids,0
685,35-44,Under 15K,,Married,2,1 Adult Kids,1
688,35-44,125-149K,Homeowner,Married,3,2 Adults Kids,1
690,65+,15-24K,Homeowner,Unmarried,1,1 Adult No Kids,0
692,65+,35-49K,Homeowner,Unmarried,1,1 Adult No Kids,0
693,45-54,15-24K,,,2,2 Adults No Kids,0
695,35-44,35-49K,,Unmarried,3,1 Adult Kids,2
696,35-44,50-74K,Homeowner,,2,2 Adults No Kids,0
699,45-54,50-74K,Homeowner,Married,2,2 Adults No Kids,0
7,45-54,50-74K,Homeowner,Married,2,2 Adults No Kids,0
706,45-54,50-74K,Homeowner,Unmarried,2,2 Adults No Kids,0
707,25-34,100-124K,Homeowner,Married,5+,2 Adults Kids,3+
708,35-44,100-124K,Homeowner,Married,4,2 Adults Kids,2
71,35-44,25-34K,Homeowner,Married,2,1 Adult Kids,1
712,65+,50-74K,Homeowner,Married,2,2 Adults No Kids,0
714,55-64,15-24K,,,3,2 Adults Kids,1
715,55-64,15-24K,Homeowner,Married,2,2 Adults No Kids,0
716,45-54,75-99K,Homeowner,Married,5+,2 Adults Kids,3+
718,45-54,25-34K,Homeowner,Married,5+,2 Adults Kids,3+
722,35-44,50-74K,Homeowner,Married,2,2 Adults No Kids,0
725,45-54,25-34K,,Unmarried,1,1 Adult No Kids,0
731,45-54,35-49K,Homeowner,,2,2 Adults No Kids,0
732,55-64,75-99K,Homeowner,Married,4,2 Adults Kids,2
733,45-54,75-99K,Homeowner,Married,2,2 Adults No Kids,0
74,65+,15-24K,Homeowner,Married,2,2 Adults No Kids,0
740,45-54,175-199K,Homeowner,Married,2,1 Adult Kids,1
741,65+,50-74K,Homeowner,,3,2 Adults Kids,1
742,35-44,15-24K,Renter,Married,4,1 Adult Kids,2
748,45-54,Under 15K,Homeowner,Unmarried,3,2 Adults Kids,1
752,35-44,75-99K,Renter,Married,2,1 Adult Kids,1
753,45-54,75-99K,Homeowner,Married,4,2 Adults Kids,2
755,35-44,50-74K,Homeowner,Unmarried,1,1 Adult No Kids,0
761,25-34,125-149K,Homeowner,Married,5+,1 Adult Kids,3+
762,35-44,125-149K,Renter,Married,2,1 Adult Kids,1
764,35-44,50-74K,Homeowner,Married,5+,2 Adults Kids,3+
766,45-54,150-174K,Homeowner,Married,2,2 Adults No Kids,0
768,35-44,50-74K,Renter,Married,2,1 Adult Kids,1
77,35-44,100-124K,Homeowner,Married,5+,2 Adults Kids,3+
770,25-34,50-74K,Homeowner,Married,5+,2 Adults Kids,3+
771,45-54,50-74K,Homeowner,Unmarried,1,1 Adult No Kids,0
779,65+,125-149K,Homeowner,,3,2 Adults Kids,1
78,55-64,25-34K,,Unmarried,1,1 Adult No Kids,0
784,45-54,100-124K,Homeowner,Married,2,1 Adult Kids,1
785,65+,75-99K,Homeowner,Married,2,2 Adults No Kids,0
786,19-24,75-99K,Homeowner,,2,2 Adults No Kids,0
787,25-34,25-34K,Homeowner,Unmarried,1,1 Adult No Kids,0
788,25-34,Under 15K,,Unmarried,2,1 Adult Kids,1
790,45-54,50-74K,Homeowner,Unmarried,1,1 Adult No Kids,0
797,25-34,75-99K,Homeowner,,2,2 Adults No Kids,0
8,25-34,25-34K,,,3,2 Adults Kids,1
80,45-54,50-74K,Homeowner,,2,2 Adults No Kids,0
800,25-34,35-49K,Homeowner,Married,2,2 Adults No Kids,0
802,65+,35-49K,Homeowner,,2,2 Adults No Kids,0
803,25-34,75-99K,,,2,2 Adults No Kids,0
806,35-44,75-99K,Homeowner,Married,2,2 Adults No Kids,0
808,45-54,75-99K,Homeowner,,3,2 Adults Kids,1
816,25-34,50-74K,,Unmarried,1,1 Adult No Kids,0
817,35-44,150-174K,Homeowner,Married,3,2 Adults Kids,1
823,35-44,50-74K,Homeowner,Married,3,2 Adults Kids,1
825,45-54,175-199K,Homeowner,Married,2,2 Adults No Kids,0
831,45-54,50-74K,Homeowner,Unmarried,3,1 Adult Kids,2
840,35-44,75-99K,Homeowner,Married,5+,2 Adults Kids,3+
844,45-54,200-249K,Homeowner,Married,2,2 Adults No Kids,0
845,19-24,50-74K,Homeowner,Unmarried,1,1 Adult No Kids,0
85,25-34,35-49K,,Unmarried,1,1 Adult No Kids,0
852,25-34,35-49K,,,4,2 Adults Kids,2
853,25-34,175-199K,,Unmarried,1,1 Adult No Kids,0
856,55-64,35-49K,Homeowner,Unmarried,1,1 Adult No Kids,0
857,65+,35-49K,Homeowner,Married,3,1 Adult Kids,1
859,25-34,50-74K,,Unmarried,1,1 Adult No Kids,0
86,65+,35-49K,Homeowner,Unmarried,1,1 Adult No Kids,0
863,45-54,15-24K,,Unmarried,1,1 Adult No Kids,0
864,35-44,15-24K,Homeowner,Unmarried,1,1 Adult No Kids,0
865,35-44,75-99K,Homeowner,Married,5+,2 Adults Kids,3+
866,45-54,15-24K,,Unmarried,2,1 Adult Kids,1
867,45-54,75-99K,Homeowner,Unmarried,1,1 Adult No Kids,0
868,65+,35-49K,Homeowner,Married,2,2 Adults No Kids,0
871,35-44,200-249K,Homeowner,Married,3,2 Adults Kids,1
875,25-34,25-34K,,,3,2 Adults Kids,1
878,25-34,35-49K,,Unmarried,3,1 Adult Kids,2
879,35-44,50-74K,Homeowner,Unmarried,2,2 Adults No Kids,0
882,45-54,50-74K,,,2,2 Adults No Kids,0
883,35-44,35-49K,Homeowner,Married,2,2 Adults No Kids,0
886,35-44,100-124K,Homeowner,Married,2,2 Adults No Kids,0
888,25-34,150-174K,Homeowner,,3,2 Adults Kids,1
889,25-34,50-74K,Homeowner,Married,4,2 Adults Kids,2
895,45-54,150-174K,,Unmarried,1,1 Adult No Kids,0
898,55-64,125-149K,Homeowner,Married,2,2 Adults No Kids,0
900,35-44,35-49K,Homeowner,Married,2,2 Adults No Kids,0
903,35-44,35-49K,,Unmarried,1,1 Adult No Kids,0
906,55-64,Under 15K,Homeowner,Married,2,1 Adult Kids,1
908,45-54,100-124K,Probable Homeowner,Married,3,2 Adults Kids,1
911,25-34,125-149K,Homeowner,Married,2,2 Adults No Kids,0
914,45-54,15-24K,Homeowner,Unmarried,2,2 Adults No Kids,0
915,45-54,15-24K,,Unmarried,1,1 Adult No Kids,0
920,45-54,35-49K,Homeowner,Married,5+,2 Adults Kids,3+
922,45-54,35-49K,,Unmarried,1,1 Adult No Kids,0
926,35-44,Under 15K,Homeowner,,2,2 Adults No Kids,0
929,45-54,25-34K,Renter,Unmarried,2,1 Adult Kids,1
932,19-24,15-24K,,,2,2 Adults No Kids,0
934,45-54,Under 15K,,Unmarried,1,1 Adult No Kids,0
939,45-54,75-99K,Homeowner,,2,2 Adults No Kids,0
941,19-24,200-249K,,Married,2,2 Adults No Kids,0
946,19-24,Under 15K,,Unmarried,1,1 Adult No Kids,0
947,65+,35-49K,Homeowner,Unmarried,1,1 Adult No Kids,0
949,25-34,50-74K,Homeowner,,2,2 Adults No Kids,0
955,19-24,Under 15K,,Unmarried,1,1 Adult No Kids,0
956,45-54,50-74K,Homeowner,,2,2 Adults No Kids,0
960,35-44,125-149K,Homeowner,Married,5+,2 Adults Kids,3+
968,35-44,35-49K,Renter,Unmarried,2,1 Adult Kids,1
97,45-54,75-99K,,Unmarried,1,1 Adult No Kids,0
971,25-34,35-49K,Homeowner,Married,3,2 Adults Kids,1
973,35-44,50-74K,Homeowner,Married,4,2 Adults Kids,2
976,25-34,200-249K,Homeowner,Married,5+,2 Adults Kids,3+
979,35-44,35-49K,Homeowner,Unmarried,2,1 Adult Kids,1
98,35-44,35-49K,,Unmarried,2,1 Adult Kids,1
981,45-54,25-34K,Homeowner,Married,2,1 Adult Kids,1
982,45-54,35-49K,,,4,2 Adults Kids,2
983,45-54,35-49K,Homeowner,Married,3,2 Adults Kids,1
986,25-34,35-49K,,Unmarried,1,1 Adult No Kids,0
992,45-54,35-49K,Homeowner,Married,3,2 Adults Kids,1
993,55-64,50-74K,Homeowner,Married,5+,1 Adult Kids,3+
996,55-64,25-34K,Homeowner,Married,2,2 Adults No Kids,0
997,45-54,75-99K,Homeowner,Unmarried,1,1 Adult No Kids,0
